Hour,S.tenebrarius (C+),S.coelicolor (C-),CC101A,CC201A,CC201B,CC203A,CC203C,CC209B,CC209C,CC210B,CC213B,CC213C,CC224A,CC224D,CC224F,CC226B,CC226C,CC227B,CC227E,CC227F,CC227D,CC228B,CC227G,KL110A,KL110C,CC302R,CC303T,CC302I,CC307I,CC307M,CC303U,KL102C,KL103A,KL104B,KL104C,KL106B,KL108A,KL108C,KL109B,KL110B,KL110D,KL111A,KL111B,KL111C,KL114A,KL115A,KL115B,KL116D,KL116E,KL118A,KL118B,KL122B,KL122C,TC101B,TC101C,TC101D,TC101E,TC101H,CR101A,MZ102A,MZ102B,MZ102C,MZ103A,MZ103B,MZ103C,HL101N,HL101P,HL101H,HL101C,HL101E,HL101J,CC201C,CC203B,CC208A,CC208B,CC209A,CC210A,CC211A,CC213A,CC213D,CC216A,CC216B,CC216C,CC219A,CC219B,CC219C,CC223A,CC224B,CC224C,CC224E,CC226D,CC227C,CC228A
0,6363,2994.5,3385.5,4091,3729,4413.5,4495,4536,4496,5073,4652,3749.5,4411.5,3578.5,4202.5,3835.5,3651,4001.5,4253.5,4721.5,4150,4775,3950,3816,3354.5,6670,6239,6979.5,,5744,5846.5,5155.5,4789,5842.5,5163.5,4386.5,4822,4211,4602.5,5056.5,5718.5,6098,6164,4734.5,5871.5,5727,6249.5,4871,4063,7371.5,8043.5,9585,9031.5,7932,6820,6637,6447.5,6028.5,8228,6776,7920.5,8061,10195.5,9398,8389,7219.5,6322.5,8967,4039,4067,3533.5,3875,4472,3973.5,3880.5,4312.5,4623,3816.5,3948.5,3964,4565.5,4029.5,3961.5,4235,3754.5,4590,4045,3921.5,8923.5,4861.5,7258,7351,7393.5
0.17,4867,3148.5,3690.5,3652,3616.5,3964.5,3435.5,4162.5,4035.5,4166,4135,3756,4159,3428.5,4237.5,4665.5,3898,4133,3950,4189,4425.5,4125.5,3643.5,4272,4526,6014.5,4881.5,5961,,4760.5,4338.5,4792,4884,6282.5,4746.5,4894,4752.5,4215.5,4412,5233,5463,4512,5048.5,5037.5,5020,5554,5568,5110.5,4174,9305,8387,7281.5,7146.5,6783,5904,5019.5,5608,5009.5,8497,6776,7214.5,6763.5,8918.5,7432.5,6780.5,6595.5,5816,7425,3647,3337,3742,4133,3252,3531.5,3330.5,3673,3784.5,3505,3723,3718.5,3669.5,3695,3558,3518,3276.5,4186.5,3897.5,3683.5,4886.5,4378.5,4908,4476.5,5109
0.33,4945.5,3299,3679,4556.5,3801,4702,3817.5,5284,4796.5,4994,5115,3987,4464.5,3696,4529,4736,4414,4671.5,4319,5038,4471.5,3624,3879.5,4604,4704,7349,6431,7382,,4735,4738,6142,6293.5,8343.5,5392,5550,5435.5,4639,5292.5,6101.5,6841,5938.5,4888.5,5419,5610.5,7429,7022.5,5912,4116,9006,7462,6853,7176.5,7532,5883.5,5498,5588,4991.5,8285,7111,6525,5988,7797.5,7001,5789.5,6949.5,5888.5,6889.5,3916,3684.5,3784,4062.5,3519,3648.5,3480.5,3942,4124,3590,3582,4095.5,3737,3894.5,3865,3575,3318,4149,4006,3749,6106.5,4306,5780,4770,6028.5
0.5,6141.5,3262.5,3794.5,4887,4014,5225.5,4450,5638,5347,5233.5,5728,4618,5105,3633,4312.5,4195,4614,4676,4482,5196.5,4608.5,3856.5,3944.5,4876.5,4410,9221.5,8830,9646.5,,4749.5,4690,7081,8699.5,11557.5,5979.5,6749,6287,5532.5,6162,6777.5,7757,7218.5,5573.5,6123.5,6861,8289,9588,7258,4098,8770,7236,7230.5,6987,8127,6556,5620,5983.5,5184.5,9323,6770,5548.5,5603.5,7275.5,6136,5101.5,7127,5929,7790.5,3911.5,3972.5,4003.5,3806.5,3467,3918,3567.5,4263.5,4143.5,3446,4099,4139,4274,3970.5,4093,3554,3493.5,4466.5,3965.5,3896,7175,4171.5,7726.5,5486.5,7401
0.67,7308,3239,3712.5,5375,4012,5619.5,4928.5,5794.5,5311,5317.5,5820.5,4687.5,4863,4057,3761.5,4100,4687.5,4406.5,4438.5,5368,4851.5,3501.5,4374.5,5370,4789,11128,9927.5,11412,,5100,4736,7642,10260.5,13400.5,7141,8104,7202,5917,7326.5,7452,8823,8695.5,5384,6793,8316,9393,11330,8091.5,4202,9528.5,6661.5,7790.5,7132,8348,6012,5747,6479.5,5193,10111,6955.5,5310,5159.5,6745.5,6086.5,4934,7000,5860,7179,4174.5,3924.5,4186,4137.5,3504,4342.5,3593,4236.5,4418,3551.5,4245.5,4521,4531,4073.5,4021.5,3634,3617.5,4586.5,3842.5,3853.5,8760.5,4206.5,8821.5,5968.5,8186.5
0.83,8393.5,3247.5,3869.5,5942,4208,5776.5,4853,5571,6492,5752,6085.5,5125.5,5025.5,4330,3749.5,3929.5,5113,4574.5,4944,5221.5,5083.5,3546,4350.5,5856.5,4308,11631.5,10433.5,12534.5,,4904,5067,7891.5,11096,14893,7286.5,8427,7471,6732.5,7247.5,7680.5,9888.5,10705.5,5467.5,6604,8770,10290,14410.5,8871,4269.5,8493.5,7043.5,7817,6754,8557,7011.5,6097.5,6101.5,5303.5,11210,6419,5217.5,4757,6642,5715,4800.5,6653.5,5864.5,7349.5,4200.5,3916.5,4032.5,3900.5,3604,4819.5,3726,4680,4843.5,3665,4592,4596.5,4630,4341,4207.5,3736.5,3698,4737,3907.5,4094.5,9073,4392,10181,6531.5,8902.5
1,8965,3398,3897.5,5904.5,4370,5608,5208,5493.5,6646.5,6120,6160,5621.5,5682.5,4514.5,3730,4144,5169,4956.5,4855,5294.5,5646.5,3517,4533,5973.5,4763.5,12021,11599,12947,,4821,4902.5,8851.5,11143,14746.5,7401.5,8137,7908,7259,8030,7270,10130,10591.5,5632.5,6606,9274,10512,15088,8682.5,4372,8503.5,6906.5,8032,6736.5,8425.5,6692.5,5906,5890.5,5348.5,11188,6120,5103.5,4602,6113,5522,4942.5,6541,5808,7172.5,4476,4269,4273.5,3884,3674.5,5255,3907.5,4745.5,4915.5,3696,4569.5,4504.5,4546.5,4210.5,4166,3902.5,3696.5,4735,3928,3803.5,9731,4286,11224,7383,8997.5
1.17,9222.5,3324,4089,5868,4248.5,6090,5140.5,5675.5,6128,6280,6505.5,5350.5,5581,4724,3746.5,4100.5,5022.5,5025.5,5087,5393,5946.5,3724.5,4853.5,6193.5,4764,12590,11558,12983,,4904.5,5052,7731.5,10980,15176,7440.5,9040.5,7712.5,6972.5,8176,7872,10859,10395.5,5381.5,6386,8737,11042.5,15535,9169.5,4368,7925.5,6403.5,7325.5,6306.5,7945,6692,5206,6103.5,5002.5,11761,5951,5031,4717,6164.5,5501,4884.5,6144,5711.5,7340.5,4214.5,4231,4182.5,3997.5,3872,5688.5,3926.5,4690,5183,3826,5090.5,4491,4515,4085,4360.5,4309,3749,4452,3963,3752.5,8817,4376,11470.5,7405,8736
1.33,9646,3473,4281.5,6129.5,4215,5922,5958,6063,6122,6111,6412.5,5426.5,5685.5,4661,3925,3846.5,5323,5016.5,5022,5786.5,6303.5,3533.5,4853,5976.5,4816.5,12486,11798.5,12449.5,,4815,4922.5,8474,10601,15848.5,7044.5,8718,7545,6641,8539.5,7630,10567,11041,5486.5,6059,8443,10853.5,17477,8872.5,4414.5,7138.5,5964.5,6847,6162.5,6991.5,6387,5593,5240.5,4527,10739,5661,4859,4695,6054,5397.5,5031.5,5773.5,5555.5,6310,4318.5,4245.5,4276,4098,3897,5963,4272.5,4719.5,5062,3848,5414.5,4310,4815,4194.5,4493,4656.5,3632.5,4619,4254.5,3798,8804.5,4526.5,12697.5,7730.5,7806
1.5,8741.5,3380.5,4073,5856,4446.5,6041,5906.5,6003.5,6333.5,5899.5,5907.5,5796,5396.5,4745,3835.5,3774.5,5293,4798.5,5188.5,5939.5,6234.5,3628,4835.5,6013,4666,12939.5,12272,11994,,4638.5,4905.5,8233.5,10040.5,15339,6881.5,9019,8158,5923.5,8547.5,7220.5,10075,11095,5092.5,6225,8397,10891,17469,8511.5,4538,6426.5,5652,6611.5,5743.5,6960.5,6092.5,4878,5321,4778,11321.5,5659.5,4658,4562,6017.5,5306.5,4857.5,5353,5342.5,6218,4208.5,4236.5,4094.5,4050,3924,6172.5,3881.5,4680.5,4883.5,3969.5,6219.5,4356.5,4757.5,4063,4253,4794.5,3826,4780,3975,3786.5,8354.5,4434,12352.5,8016.5,7740
1.67,8739.5,3586,3919.5,5593.5,4288.5,5983,6181,6036,6540.5,5673.5,6443,5081.5,5512.5,4525.5,4028.5,3892,5106,4547,5203,5789,6310.5,3623.5,4688,5749,4718.5,13155,12344,12274.5,,4786,4935.5,7218,9203.5,14457,6804.5,8454.5,7520,6228,8702.5,7377.5,9723.5,11044,5013.5,6126,7573,9760,16708.5,9573.5,4503,6095,5642,6442,5306.5,6551.5,5868,5051,4914.5,4526,10006.5,5646.5,4781,4764.5,5832,5407,5025.5,5123.5,5186.5,5719,4278,4133,4433.5,4186.5,4072.5,6070.5,4017,4792.5,4758,4115,6537,4634.5,4820.5,4323.5,4304,4972.5,3960,4267,3976,4000.5,7384.5,4580,12737,7554,7439
1.83,9024,3355.5,3971.5,5816.5,4454,5754.5,5604.5,5974.5,6255.5,5951,6287.5,5470.5,5425.5,4869,3719.5,3748.5,5157,4505.5,5207.5,5991,5928.5,3423,4823,6134,4657,11912,12006.5,11278.5,,4521.5,4857.5,7346,8754.5,14007,7107,8073.5,6996,6064,8614.5,6734,9812.5,11064.5,4932,5873.5,7454.5,9637,16415,9803,4537.5,5788,5345,7162,5061.5,6137.5,5765,4907.5,4893,4551.5,9743.5,5250.5,4571.5,4540.5,5760.5,5193,4744,4916,5131.5,5722,4329,4029.5,4146.5,4039.5,4038.5,6275.5,3931,4697,4722.5,3968.5,7615.5,4390,4876,4123.5,4268,5219,4145.5,4250,4120.5,4053.5,7199.5,4826,12117.5,7235.5,7010
2,8333,3505,3972,5411,4329,5691.5,5669.5,5676.5,6544,5747.5,5898,5675.5,5472.5,4647.5,3643,3722.5,5090.5,4388.5,5467.5,6061,6352.5,3412.5,4633,5767.5,4526.5,12021.5,11706,11130,,4563.5,5041.5,7154.5,8239.5,13539,5987.5,8022.5,7317,5867,8624,7366.5,8860,10635,4994,5984.5,7531.5,9305.5,15312.5,9688.5,4794.5,5231,5116.5,7328,5116,6354,5677.5,4778.5,4716,4590.5,9133,5060.5,4515.5,4421.5,5720.5,5212.5,5077,4861.5,4887.5,5801,4254,4159,4312.5,4058.5,4035,6304.5,4150.5,4807,4813,4110,8433.5,4352,4670,4261,4521.5,5318.5,4062,4309,4138,3857.5,6779,4796.5,12994,6824,6719
2.17,8652.5,3475,4118.5,5708,4687.5,5961.5,5886.5,5775,6372.5,5275,6148,5689,5423.5,4515.5,3742,3568.5,5112,4505,4967,6237.5,5449,3597.5,5077.5,6207,4403.5,11792.5,11740,10059.5,,4579.5,4966,6857.5,7798,12055.5,5807,7087,6919,5639.5,8261.5,6537,8763.5,10307.5,4939.5,5915,7268.5,8692.5,14569.5,9714.5,4545.5,5220,4974.5,7912,5046,5796,5783.5,4884.5,4560.5,4611.5,8303.5,5350,4398.5,4559.5,5240.5,5132,5077.5,4725.5,4769,5203,4287.5,4161,4111,4162,4163.5,6151,4112,4895.5,4510,3793,9151.5,4389.5,4911,4248.5,4336,5522,4121.5,4192.5,3957,3888,6391,5021.5,12590,6747,6364.5
2.33,8553,3501.5,3817,5357.5,4378,5876,5391,5593.5,6289,5737,5656,5719,5556,4818,3764,3711.5,4952,4531.5,4893,5832.5,5690.5,3595,4724.5,5788,4306,10777,10970,9962,,4537.5,4919,6586.5,8049.5,11188,5740.5,7218,6979.5,5498.5,7390,6297.5,7950.5,9937,4902,5352,6826.5,8228.5,14674.5,9784.5,4747.5,5084.5,4932.5,7449.5,4549,5565.5,5219,4691.5,4705.5,4293,7864.5,5015,4642.5,4511.5,5554,5253,4926,4855.5,5019.5,5303.5,4107.5,4013.5,4034,4307,4116.5,6061.5,4018.5,5018,4578,4071,10294,4273,4569.5,4159.5,4445,5567,4276,4324.5,3968,3869.5,6285.5,5164.5,12378,6447,6343.5
2.5,8782.5,3447.5,3742.5,5395.5,4320,5586.5,5530,5594,6396,5700.5,5726.5,5852,5595.5,4580,3643.5,3549.5,4989.5,4499.5,4980,5471.5,5642,3547,4660.5,5733,4452.5,10113.5,11025.5,9616,,4575,4858.5,6349.5,7181.5,10645.5,5688.5,6599.5,6349.5,5456,7539.5,6148.5,7416.5,10197.5,4830,5400.5,6747.5,7907.5,13816,9757,4966,5001,5056.5,8650,4694.5,5561.5,5617,4579,4600,4503,7729.5,4979.5,4631.5,4496,5645.5,4995.5,4873,4760.5,5005.5,5315,4173.5,4033,4173,4146.5,4099,6271.5,4037.5,4990,4498,4120.5,10443.5,4550,4919.5,4378,4525,5729,4200,4100.5,4134,3935,6205.5,4960,12285,6259,5877.5
2.67,8727.5,3432,3792.5,5254.5,4446.5,5511,5133.5,5373,6256.5,5377,5506,5431,5204,4423.5,3635.5,3716.5,4929.5,4558.5,5028,5639.5,5858.5,3503.5,5165,5660.5,4280,10337,9664,9613.5,,4591.5,4934.5,6356,7620,10016.5,5330,6346.5,6210.5,5045,6833,6070.5,7193,9635.5,4939.5,5017,6673.5,8114,12667,9462.5,4910.5,4648,4865,8478,4505.5,5214.5,5306.5,4589,4487.5,4431.5,7025.5,5005.5,4749.5,4487.5,5632.5,5092.5,5064.5,4773,4804.5,5116.5,4192,4014,3967.5,4078.5,4037,6087.5,4071,4684,4455,3965.5,10635,4593,4871.5,4314,4198.5,5638.5,4154,4106,3891.5,3854.5,6165,5252,12081.5,5996.5,5950.5
2.83,8731.5,3432,3725.5,5152.5,4229.5,5411.5,5106.5,5465.5,5744,5356.5,5896,5951.5,5672,4644,3531,3696.5,4703,4567,4853.5,5674.5,5476,3528,4527.5,5404,4413,9969.5,9316,8858.5,,4575,5210.5,5310.5,7218,9095.5,5371.5,6705.5,5986,5341.5,6573.5,5854.5,6856,10091.5,5047.5,5004.5,6124.5,8109.5,12287.5,8651.5,4760,4997.5,4747.5,9238.5,4321.5,5264.5,5314.5,4582.5,4538,4357.5,7351,4956.5,4497,4585.5,5417,5222,5037,4647,4776.5,5127.5,4171.5,3941.5,3980.5,4387.5,4240,6098,4101.5,4818,4353,4597,10440,4278,5243.5,4528,4509.5,5370,4245,4010.5,3993.5,3870.5,5594.5,5418,12703,5773.5,5799
3,8923.5,3526.5,3788.5,4954.5,4498.5,5184.5,5140.5,5327.5,5856,5423.5,5640,5772.5,5127.5,4453,3631,3836.5,4732,4439,4920.5,5408,5052.5,3428.5,5084,5161,4008.5,9042,8778.5,8302,,4577,5255.5,5735,6250,8337.5,5133.5,6158,5584.5,5175,6525,5467.5,6509,9528.5,4950,4891.5,6389.5,7392,11956,8569,4923.5,4689,4830,8918.5,4253,5227.5,5473.5,4565.5,4448.5,4387,6322,4961,4682.5,4623.5,5611.5,5263.5,4863,4717,4760.5,4889,4041.5,3889.5,3933,4356,3963,6185,3985.5,5108,4611,4178.5,10756,4355.5,5047,4477.5,4367.5,5484,4106.5,3887,4171,3947,5713,5376.5,11613.5,5959,5644.5
3.17,8968,3506.5,3776,5115,4332,4801,4929,4778.5,5334.5,5621,5741,5702,5186,4573.5,3567,3660,4530,4521.5,5214.5,5466,5404,3518,4884,5151,4202.5,8377,8487.5,8247,,4392.5,4967.5,5107,5981,7688.5,5218.5,6014.5,5342.5,5149.5,5632,5724.5,6065,9264.5,5012.5,4654,5602.5,7440,11468,8597,4963.5,4617,4792.5,10228.5,4444.5,5152,5297.5,4405.5,4396.5,4331,6487,4945,4612,4732,5423.5,5374,5013.5,4708,4955.5,5098,4120.5,3793.5,3849.5,4343.5,4158.5,6299,4132.5,4552,4363.5,3991.5,10452,4397.5,5239.5,4236,4465,5638,4334,3912,3888,4035.5,5782.5,5577.5,11763.5,5528,5609.5
3.33,8676,3492.5,3774,4709.5,4140.5,4870.5,5145,4732.5,5429,5592,5897,5660,4832,4525.5,3644.5,3553,4761,4629,4785,5118,4953.5,3378.5,4771,5024,3873.5,8290,8074.5,8329.5,,4662.5,5187.5,5208,6246.5,6618.5,4951.5,5816.5,5401,5008,5784.5,5263.5,6199,8589.5,5118.5,4591.5,5769.5,7271,10977,7442,4613.5,4565,4704.5,10231,4259,4958,5221,4395,4355,4147,6165,4906.5,4632,4734,5894.5,5369.5,4991,4769.5,5062,5300,4118,3928.5,3929,4327,4157.5,6036,4137,4725,4247.5,4324,10843,4193,4790.5,4252.5,4607.5,5568,4418.5,3926,4110.5,4091.5,5530.5,5677,11913.5,5526.5,5441
3.5,8804.5,3480.5,3588,4992,3965.5,4858,4909,4916.5,4795,5369.5,5667.5,5721.5,4954,4530,3530,3703.5,4598,4226.5,4691.5,4812,5069,3461.5,5138,4930.5,3851,8243,8234,8153,,4674.5,5210,5162.5,5928.5,6742.5,5015,5649.5,5422.5,4835,5899,5090.5,6061,8752.5,5452.5,4698.5,5503.5,7182.5,10328,7356.5,4873.5,4436,4670,11042.5,4306,4870,4998,4504,4230.5,4202,6243,4961.5,4665.5,4655.5,5945.5,5272.5,5076,4529.5,5125.5,4951,4084.5,3707,3892,4250.5,4330,6085.5,4244,4831.5,4432,4400,10373.5,4637,4909.5,4404.5,4442.5,5529,4355,3958,4126,4026.5,5524.5,5914,11974,5276.5,5572
3.67,9510.5,3566.5,3596,4784,3985.5,4783,4997,4906.5,4547.5,5610.5,5716,5765,4532.5,4400,3714.5,3561,4576.5,4283,4878,5095.5,5035,3559.5,4959,4800.5,3965,7524,8134.5,7915,,4560,5001,4904,5999,5952.5,4655,5646,5239.5,4639.5,5764.5,5191,5950.5,8956,5410,4570,5324.5,6229.5,9260,7379,4796,4525.5,4838.5,10046,4393.5,4913,4817,4559.5,4180,4225.5,6137,5166.5,4685.5,4586,5378.5,4905,4972,4687,5042,5207.5,4089.5,3733.5,3873,4384.5,4340.5,5976.5,4016.5,4774,4371.5,4317,10653.5,4301,4872,4382,4275,5579.5,4473.5,4043,3860,3903,5595,5801.5,11443.5,5306,5494
3.83,9701.5,3549,3728,4520.5,4211.5,4481,4774.5,4729,4808,5244,5848,5431,4847,4403.5,3850,3651,4432,4402.5,4836.5,4921,5039,3509.5,4772,4797,4182,7922.5,7926,8103.5,,4742.5,5487.5,4757.5,5868,5852.5,5186,5195,5106.5,4661,5522,4870.5,5827,8450.5,5378.5,4467,5118.5,6320.5,9115,6854.5,4684.5,4320,4573,10696,4332,4623,4722,4358.5,4293,4165.5,5719,5041.5,4771.5,4623.5,5836,5163.5,5029,4683.5,4862.5,4877.5,4149.5,3858.5,3848.5,4737,4157.5,5570.5,4093.5,4811,4194,4346.5,9706.5,4177.5,4872.5,4216,4378,5454,4744,3840.5,3827,4129,5669.5,6061,11860.5,5296,5450
4,9669,3632.5,3781,4572.5,4024,4272,4850,4643.5,4863,5201.5,5505.5,5631.5,4819,4267,3618,3745,4455,4284.5,4699.5,4781.5,4832,3627,4878,4800.5,3629.5,7252.5,7780.5,7592.5,,4626,5228.5,4741.5,5663.5,5836,4926,5197.5,5263.5,4595.5,5244,4796.5,5733.5,8654.5,5674,4419,5060,6025,9200.5,6380.5,4714,4420,4512,10325.5,4262.5,4920.5,4800.5,4439.5,4184,4033.5,5833,4832.5,5009.5,4740.5,5720,5235.5,5115.5,4547.5,4925.5,5025.5,4122,3691,3935.5,4643.5,4249,5565,4035,4962.5,4241.5,4450.5,9129,4380.5,4976,4467,4451.5,5827.5,4531,3810,3968.5,4257,5680,6114.5,11522.5,5219,5611.5
4.17,10081,3655.5,3720.5,4431.5,4282,4391,4903.5,4598,4659,5041,5343,5675.5,4856.5,4323,3868,3726,4342,4320,4819,4903.5,4749,3704.5,4884,4980.5,3859.5,7248.5,7001,7322,,4703.5,5133,4824,5240.5,5409.5,4625.5,4862.5,4915.5,4657,5151,4693.5,5545,8401.5,5709,4304.5,4876.5,5930.5,8340.5,6380,5025,4307.5,4911,11301.5,4251,4974,4675.5,4242.5,4098,4312,5737.5,5237.5,4913,5028.5,5850,5270,5187,4379,5197,4989.5,4105.5,3810,3865.5,4836,4428.5,5670.5,4238,4586,4098.5,4282.5,9676.5,4360.5,4752.5,4294,4346.5,5247,4149.5,3758.5,3930,3938,5799,6137,11916,5178,5628
4.33,9834,3545.5,3775,4570,4122.5,4351,4796.5,4290.5,4622,4990,5103.5,5294.5,4675,4300.5,3656.5,3678,4287,4304,4840,4525.5,4843.5,3721.5,4696,4699,4081,6957.5,7333.5,7497.5,,4614.5,5395,4889,5363.5,5532,4855,5305,4758,4754.5,5487.5,4633,5101,8497.5,5772.5,4329,4866,6099,8153,6135,4800,4305.5,4637,10624.5,4090,4827,4519.5,4293.5,4043.5,4305.5,5789,5269,5056.5,4977,5804,5318,5010.5,4539.5,4891,4802.5,4021,3788,3771,5239,4491,5500,4231.5,4353.5,4123.5,4236,9087.5,4104,5102.5,4247,4460.5,5317.5,4298,3729,3915.5,3961,5590,6793.5,12030,5360.5,5827
4.5,10828.5,3606.5,3813,4159,4065.5,4186,4707,4287,4683,5304,5381.5,5320,4637,4361.5,3846,3822,4357.5,4332,4637,4648.5,4634.5,3765.5,5080,4678.5,3889,6939,7464.5,7309.5,,4618,5702.5,4915,5063.5,5246.5,4795.5,5078.5,4881,4596.5,5106.5,4847,5387,8369.5,5536,4311.5,4825,6133,8226.5,5951.5,4626.5,4223,4775,10878.5,4047,4566.5,4786.5,4228,4265,4092,5629.5,5215,5102,5168,5928.5,5526.5,5351,4484,5079,5306,3961,3704,3840.5,5204,4194,5881.5,4187,4665.5,4277.5,4300.5,8929.5,4206,5152,4297.5,4116.5,5509,4469,3677.5,3943,3976.5,6088.5,6528.5,12190,5386.5,5438
4.67,11302.5,3663.5,3772,4245.5,4160,4403.5,4501,4348,4376.5,4913,5186,5450.5,4558,4344.5,3971,3798,4344.5,4284.5,4449.5,4433,4947.5,3609,4844,4492,3847.5,7257.5,6708.5,7143.5,,4534,5241,4527,4919,5383,4792,4995.5,4748,4783.5,5029,4704,5169,8289.5,5786,4430.5,4646.5,5865,7480.5,5900,4854,4372,4797,10722.5,4111.5,4886.5,4796,4288.5,4247.5,4246.5,5302.5,5151.5,5093,5039.5,5926.5,5347,5282.5,4380,5035.5,4998.5,3988,3542,3923.5,4926.5,4301,5411,4148.5,4494,4054,4404,8692.5,4332.5,4678,4281,4205,5562,4522.5,3634,3940.5,4097.5,6155.5,6820.5,12085,5547,5501.5
4.83,11771,3651,3847,4234,4143,4118,4566.5,4537.5,4389,5226.5,4882.5,5075.5,4635.5,4459,3900,3788.5,4164,4274.5,4507.5,4412,4758.5,3702,4976.5,4627.5,3873,7002.5,6718,7101.5,,4634.5,5471,4532.5,5022,5193.5,4970.5,4950.5,4756.5,4435,5170.5,4524.5,5296,7891,5790,4373,4766,5506,7431,5374.5,4741.5,4371,4806.5,10170.5,4206.5,4684,4537.5,4293,4118.5,4170,5463.5,5178,5099.5,5037.5,5886,5435,5233.5,4296.5,4906,5113.5,3893,3676.5,3756,4959.5,4445.5,5437.5,4339,4554.5,4192,4481,8170.5,4032.5,4934.5,4219.5,4104.5,5395,4786,3690,3906,4133.5,6464,7065.5,12805.5,5374,5886.5
5,11688,3744,3774.5,4273.5,4128,4163,4710.5,4458,4454.5,4866.5,4870,5264,4631,4255.5,3974.5,3782,4288.5,3990.5,4586.5,4473,4325.5,3648,4970.5,4579.5,3779,6450.5,6498.5,6904.5,,4835.5,5482.5,4734.5,5022,4910,4805,4998.5,4434,4419,4938.5,4474,4979.5,8026.5,5670.5,4324,4625.5,5157.5,7225,5643.5,4780.5,4215,4754.5,10066,4140,4536.5,4624,4115.5,4139,4157,4904,5328,5159,5164.5,6022.5,5435.5,5421,4498.5,4968,5160,4133,3611.5,3743.5,4948,4367.5,5223.5,4318,4286.5,4177.5,4398,7922.5,4353,4912,4265,4220.5,5604.5,4656.5,3617.5,3759,3964.5,6357.5,7512.5,12201,5645.5,5926
5.17,12410,3703.5,3790,4246,4030.5,4258.5,4535.5,4337,4275.5,4772.5,4892.5,4998.5,4554,4042,3940.5,3977,4099.5,4161.5,4485,4325.5,4500.5,3778,4675,4474,3723,6451.5,6643.5,7004,,4465,5287,4673.5,4747,5126.5,4831,4775.5,4643.5,4460.5,4937.5,4487,5109.5,8490.5,5631,4267.5,4452,5433.5,6810.5,5547.5,4655.5,4163,4944,10453.5,4084,4534.5,4471,4104.5,4135.5,4172,4797.5,5142.5,5305.5,5292.5,6408.5,5361,5540,4384,5070,5076,3988.5,3713,3757,5184.5,4150.5,5069.5,4282.5,4532.5,4050.5,4568,7671,4274.5,5327.5,4503.5,4337.5,5351.5,4678,3767,4004.5,3976.5,6371,7404.5,13141.5,5488.5,5925.5
5.33,12235,3712,3865,4274.5,3996,4093.5,4371,4314.5,4219.5,4776.5,4767.5,5091.5,4478,4141,3914,3778.5,4007,4252.5,4519,4247.5,4305,3711,5020.5,4424,3781,6214,6589,6931,,4623.5,5287.5,4561.5,4712.5,4994,5054,4811.5,4612.5,4180,4711,4412,5069,8130,5836,4274.5,4445.5,5291.5,6759,5140.5,4600,4273,4789.5,9852.5,4240,4526.5,4530.5,4209.5,4068.5,4020,5119,5021,5246.5,5071.5,6202.5,5511.5,5425.5,4494,5048,5060,3922,3792.5,3834,5260.5,4657,4879.5,4361.5,4390,3984,4479.5,7792,4001,4765,4241.5,4085.5,5365,4475.5,3750,3847.5,3924.5,6567.5,7503,13370.5,5706.5,6108.5
5.5,13107,3683,3746,4102.5,3946,3966.5,4331.5,4197,4206,4616,4787,5128,4367.5,4168,4040.5,3840,4036.5,4256,4620,4138,4519.5,3749,4908,4535,3829.5,6216.5,6503,6713,,4775,5450,4517.5,4900.5,5121.5,4751.5,4545.5,4656.5,4391.5,4589.5,4486,4970,7991,5713,4279.5,4703.5,5296.5,6568,5004,4600,4261.5,4995,10063,3986.5,4561.5,4308.5,4128.5,4064,3922.5,4907,5228.5,5684.5,5310.5,6093.5,5690.5,5401.5,4444.5,4999,4946.5,3889.5,3658.5,3744,5615,4473,5138.5,4474,4359,4137.5,4528.5,7425.5,4127.5,4994.5,4135.5,4285.5,5341,4380,3678,3814.5,3709,6928.5,8532.5,12476.5,5857.5,6160
5.67,13388,3730,3828.5,4077.5,4044,4065.5,4326.5,4239,3949.5,4854,4541,4811,4344.5,4096,3973.5,4013.5,4064,4036.5,4374,4243,4147.5,3735,4805,4162.5,3892,6322.5,6207.5,6919.5,,4544,5379,4463.5,4633.5,4854,4636,4547,4517,4414,4672.5,4343,4871.5,8131.5,6309,4138,4537,5109,6185,5129.5,4736,4397.5,5095,9551.5,4255.5,4374.5,4320,4379.5,4231.5,3958,4867.5,5186,5659,5398,6286,5823,5552.5,4523.5,4521,4902.5,3933.5,3591,3716,5037,4465,5099,4354.5,4650,4172.5,4458,6854.5,4077,5060,4333.5,4177.5,5647,4571,3583.5,3936,3846.5,6778.5,9003,13012,6134,6391.5
5.83,12645.5,3698.5,3782.5,4132,3878.5,3957.5,4290,4229.5,4134,4704,4577,4871,4118,4277,4002.5,3892,4039,4184,4374,4020.5,4280.5,3811,4663.5,4220.5,3917.5,6321.5,6265.5,6834,,4560.5,5586.5,4625,4957.5,4901,4752,4529.5,4471,4304.5,4544.5,4444,4774.5,8000,5888.5,4149.5,4503.5,5069.5,6456,4899.5,4968,4203,5218.5,10131,4023.5,4376,4208,4243.5,4131.5,4108,4761.5,5195,5411,5605.5,6337.5,5659.5,5911,4597.5,4800,4974,3970,3602.5,3796.5,5429.5,4347.5,4729.5,4195.5,4387,4013,4705.5,7070.5,4024.5,5239.5,4212,4251,5192,4593,3673,3745.5,3864.5,7427.5,8691,13518.5,6226.5,6324.5
6,13253.5,3794.5,3790,4003,4019.5,4012.5,4421.5,4086.5,4212,4689.5,4491.5,4911,4385,3908,3981,3888.5,4003.5,4206.5,4229.5,4077,4115,3724.5,4654.5,4298.5,3773.5,6436,5745.5,7078,,4432.5,5115.5,4292,4517.5,4872,4907,4594,4584.5,4275.5,4528,4315.5,4702.5,7833.5,5951.5,4393.5,4386.5,4967,6110,5108.5,4494,4153,5475,8490,4179,4272.5,4266.5,4131,4103.5,4051,4676.5,5536.5,5593.5,5986,6480.5,5666,5707,4742,5250.5,4724,3707.5,3799.5,3715,5854,4434.5,5096.5,4287.5,4335.5,3892.5,4587,6977.5,3897.5,5071.5,4196,4160.5,5089.5,4620,3575,3780.5,4039.5,7290.5,9374.5,13108,6328.5,6441
6.17,13081.5,3656.5,4027,4057,3944.5,3985.5,4637,4059,3864.5,4535.5,4707.5,4814.5,4391,4121.5,3999,3910.5,4190,4097,4228,4157.5,4147,3758,4713,4182.5,3817.5,6238,5806,7031,,4631,5356.5,4450.5,4568,5024,4797,4621,4449.5,4319.5,4472.5,4431,4579.5,7615,5959.5,4245,4435,5162,6189.5,5121,4838,4239.5,5346.5,9198.5,4066.5,4349,4225.5,4089.5,4061.5,4105,4551.5,5463,5931.5,5926.5,6173.5,6153.5,5646.5,4688,5011.5,4849.5,3890.5,3639,3625,5506,4403.5,4784.5,4376.5,4717,4156,4714,6936,4117.5,5332,4466.5,4191.5,5108,4413.5,3587,3780,3767,7701,10702.5,14351.5,6441.5,6528.5
6.33,13060,3701.5,3897,3954.5,3939.5,3994.5,4338.5,4210,3946.5,4279.5,4444.5,4687.5,4193,3979.5,3973.5,3793,3961,4171.5,4264.5,4166,4167,3771.5,4800.5,4147,3699,5786,6214,6845,,4736,5290.5,4431,4520,4840,4835,4497.5,4439.5,4332.5,4572.5,4306.5,4563,7728,6074,4155.5,4437.5,4885,6039.5,5034,4527.5,4151.5,5703,9261.5,3961,4479,4185,4221,4066.5,3982.5,4701.5,5434,5827.5,5995.5,6759,6073.5,6241,4950.5,5022.5,4820.5,3853,3582,3801.5,5566.5,4376,5120.5,4239.5,4584.5,4151,4755.5,6371,4159,5190.5,4256.5,4225.5,5015,4512.5,3626.5,3895,3840,7470.5,10324,14218.5,6597,6834
6.5,13707.5,3669,3855.5,4061,3820.5,4000.5,4314.5,4046,3966.5,4498,4440.5,4689.5,4065,4147.5,4074.5,3844.5,3771,4038.5,4163,4074,3953.5,3792,4524,4322,3724.5,6084,6386,7361,,4676,5488,4431,4512.5,4469,4567.5,4505.5,4395.5,4465,4586.5,4179.5,4945,8211.5,6128.5,4198.5,4329,4798,6010.5,4929,4832,4132.5,5883.5,7733.5,4005,4262.5,4336.5,4168,4116.5,3973.5,4588.5,6022,5991.5,6246,6907.5,6396.5,5993,4766,4905,4576.5,3763.5,3614,3720,5554.5,4540,4820,4474.5,4799.5,4018.5,4651,6754,3982,5387,4263,4073,4685.5,4405.5,3583,3956,3749.5,8089.5,11172.5,14378.5,6477,7271.5
6.67,14109,3739.5,3730.5,4062.5,3919,3910.5,4157.5,3958,3959,4320.5,4190.5,4888.5,4226.5,4045.5,4035,3877,3751.5,4002.5,4061,3949,3937,3668.5,4750,4016,3720.5,6179,6427.5,6860.5,,4556.5,5427.5,4311,4524,4817,4734.5,4507,4527,4449,4461,4420,4854,8194.5,6264.5,4196.5,4229.5,4633.5,6216,4879.5,4522.5,4283.5,5610.5,7786,3951.5,4263,4450.5,4070,4090.5,3822.5,4357.5,5795,6135.5,6336.5,6755.5,6104,6143,4389.5,5046,4904.5,3918.5,3533,3792,5705,4815,5111.5,4320,4728.5,4075,4498,5734.5,4066,5499,4252.5,4185,4929.5,4662.5,3582,3904.5,3739.5,8057.5,12212.5,14533.5,6527,7079
6.83,13906,3559,3777.5,4041,3878.5,4001.5,3915.5,3989.5,3841,4451,4117.5,4391.5,3973,3852,3873,3978.5,3759,3931.5,4263.5,3991.5,3900,3714,4461.5,4271.5,3690,6292.5,6028.5,7138.5,,4712,5473.5,4206,4559,4647,4901.5,4514,4409,4273,4382,4172,4767.5,7925,6332.5,4135,4270,4455.5,6196,4816,4576,4165.5,5639,8037.5,4026.5,4495,4269,4050.5,4112,4071.5,4584,5855,6074,6847.5,7075.5,6571.5,6568.5,4650.5,4912,4680,3821.5,3535.5,3818,6347,4603.5,4731.5,4692.5,4799.5,4009.5,4675,5719.5,4110,5223.5,4340,4190,4947.5,4571,3562,3736.5,3782.5,9150.5,12512,14549.5,7156,7180.5
7,13352.5,3600.5,3731,3911.5,3877.5,3845,4138.5,3985.5,3920.5,4095.5,4346,4355.5,4009,3847.5,3893.5,3855,3745,3889.5,3954,4011.5,4012.5,3605.5,4566,4065.5,3613,6201.5,6002,7456,,4671.5,5498,4241.5,4311,4625,4772.5,4435.5,4456,4400.5,4313.5,4191,4571,7618.5,6247.5,4186.5,4328,4653.5,6242.5,4831,4653,4203,5646.5,8378,4022.5,4241,4224,4057,4052,4054,4316.5,5870,6542,6884,7070.5,6411,6380.5,4415.5,5067.5,4804,3811.5,3604.5,3737.5,5742.5,4526,5013.5,4457.5,4577,4267.5,4671,5945.5,4194,5247,4474,4355,4942.5,4782.5,3595.5,4048.5,3989,9227,12714,15075.5,7001,7538
7.17,14695.5,3672.5,3870,3865,3898.5,3863,4226.5,4166,3761,4171.5,3986,4425.5,3853.5,4153,3761,3842,3782.5,3922,4248,3869,3961.5,3710.5,4434,4203,3704,6061.5,5804,7251,,4609,5327,4135,4334,4535,4891.5,4625,4344,4398.5,4316.5,4311,4458.5,7884.5,6422,4131.5,4255,4829,5561,4743.5,4665,4241,6086.5,7682,4037,4128.5,4316.5,3991.5,4227,3939.5,4289,6057,6587.5,7075,6991.5,6516,6678.5,4454,5070.5,4882.5,3792,3608.5,3865.5,5913,4575.5,4984,4357.5,4706,4114,4635,5629.5,4070,5501,4199,4171.5,4536,4483,3660.5,3853.5,3838,9644.5,13494,15248,7600.5,7984
7.33,14181,3567.5,3690,3894,3950.5,4023,4101.5,3822.5,3822.5,4001.5,4165,4565,3907.5,4021,3942,3875,3759,3940.5,3966.5,3968.5,3937,3737,4174,4080.5,3695.5,6398,5953.5,6684,,4589.5,5453.5,4360,4369.5,4662,4596.5,4551.5,4335.5,4407,4393,4223.5,4620,7286,6051,4160.5,4277,4484.5,5782,4717,4574,4288.5,5879.5,7879,4024,4216.5,4436.5,4144.5,4004,4055.5,4273,6185,6458.5,7318,7230.5,7039.5,6806,4472,5107.5,4847,3641.5,3577.5,3648,5927.5,4677.5,5199.5,4636,4592,3925,4989.5,5630,4124,5476.5,4290,4323,4650,4658,3550,3874.5,3709,10004.5,13396.5,14906.5,8001,8250.5
7.5,14252.5,3709.5,3688,3802,3815.5,3808,3889.5,3877.5,3881.5,4011,3929,4423.5,4152.5,3903,4128,3802.5,3829.5,3967.5,3875.5,3908.5,3984,3638.5,4491.5,3941,3776.5,6493.5,6476,7637,,4595,5349.5,4314,4319,4556,4800.5,4351.5,4350.5,4490,4527,4206,4493.5,7627,6251,4096.5,4170,4662,5800.5,4695.5,4559,4180.5,6424,7474.5,3976.5,4165.5,4276.5,4132,4130.5,3896.5,4424,6161.5,6793,7505,7152,7315.5,6537,4337.5,4954,4786,3778.5,3624.5,3729.5,6191.5,4838,4763,4306,4892.5,4049,4901,5451,4047,5714,4429.5,4319.5,4508,4721,3640,4032.5,3758.5,10949,14093.5,15409,7900.5,7950
7.67,13142.5,3611.5,3765,3732,3797.5,3873,4096,3869.5,3902.5,3980.5,3944,4498.5,3777,3784,3858.5,3803,3773,3832,3826.5,3829.5,3936.5,3610.5,4138,4247.5,3638,6347,5905,7322.5,,4791,5405.5,4362.5,4387.5,4661,4580,4362,4496,4604,4355.5,4340.5,4576.5,8178,5974,4071.5,4275.5,4556.5,5862.5,4631,4415,4349.5,5980,6886,4036,4148,4520,4132,3963.5,4079,4287,6109.5,7264,8022.5,7340.5,7107.5,6831.5,4448,4999.5,4869.5,3961,3510.5,3730.5,5983.5,4843,5046,4490,4761.5,4024.5,4677.5,5241.5,4135.5,6175.5,4473.5,4290,4407,5043.5,3454,3960,3967.5,11299,13871,16197,8304,8426
7.83,13793,3715.5,3642,3816.5,3726.5,3784,4101.5,3906.5,3876.5,3975.5,3964,4397,3948.5,3877.5,3826,3950.5,3788.5,4003,4011,3892,3874,3625,4185.5,4051.5,3686,5970,6532.5,6934,,4720.5,5393,4258,4161.5,4523.5,4665.5,4567,4546.5,4396,4312,4111,4433,8496.5,6688.5,4122,4089.5,4600,6210.5,4638,4441,4211,5853,6761.5,3944,4063,4385.5,4128.5,4005.5,4050,4104,6405.5,7570.5,8546,7431.5,6782.5,7030.5,4411.5,4803,4704.5,3751,3579.5,3552.5,6553,4932.5,5275,4530.5,4804,4040,4712.5,5281,4270.5,5843.5,4314,4507,4452.5,4690.5,3441,3959,3841.5,10989,15123,15786.5,7824.5,8306
8,14167.5,3588.5,3747.5,3735,3844.5,3800,4131,3779,3841,3865.5,4142,4137.5,3900.5,3840,3967,3904.5,3827.5,3725,3795,3796,3934.5,3597.5,4298.5,4019.5,3560.5,6483,5978.5,7369,,4767,5378.5,4254,4469,4872,4726,4431,4270,4410,4314.5,4211.5,4554.5,8048.5,6083.5,4090,4111,4493,5920,5089.5,4404.5,4050,6068.5,6842,4239.5,4061,4234.5,4021.5,4271,4028.5,4167.5,6195,7930,8623,7329.5,7229.5,7028,4784,5074,4594.5,3828,3760,3814.5,6985,4682,5234.5,4533.5,4947,3997.5,4971,5457,4279.5,5823,4183,4249.5,4346.5,5053,3488.5,3877.5,3970,12274.5,14784,16632,8642,8937.5
8.17,14078,3579.5,3595.5,3725.5,3697.5,3741,4016.5,3902,3719,3972.5,3968.5,4297,3769.5,3718,3734,3784,3698.5,3794.5,3804,3974,3967.5,3643.5,4233,3965.5,3621,6292.5,6353.5,7897,,4818,4908.5,4415.5,4255.5,4677.5,4525,4413,4592,4483.5,4490.5,4179,4697.5,8181,6329.5,4070.5,4312.5,4449,5788.5,4633,4507,4227,6166.5,6616.5,4043,4025.5,4330.5,4252,4040.5,4001,4135,6415.5,8079,9209.5,7947,7126.5,6961,4487,4946,4857,3912.5,3538.5,3914,6195.5,4895.5,5484,4354.5,5025.5,3997,4890,4866,4450,5764,4469.5,4269.5,4345.5,5073,3471.5,3812,3847.5,12921,15264,17411,9198.5,9188
8.33,13937.5,3546.5,3662,3649,3686,3836.5,4017,3812.5,3850.5,3829,4014.5,4062.5,3894.5,3762.5,3749.5,3932.5,3631,3813,3759.5,3874.5,3826,3558,4111,3885,3544,6645.5,5989,7878,,4694,5200,4317,4276,4607.5,4867,4430,4402.5,4442,4468,4151,4528.5,8385.5,6352,4087,4213,4577,6122,4712.5,4413,4243,6208.5,6145,3919,4086,4343,4230,4146.5,3874.5,4025.5,6371,8317.5,9397.5,7865,7205.5,7816.5,4587,4721.5,4680,3805.5,3531.5,3964,6157,4692,5131,4387,4848,4061.5,5143.5,4964,4197.5,6070,4537,4484,4134,5327,3573.5,4007,3847.5,12780.5,16129,17280.5,9619.5,9572
8.5,14022,3644.5,3661,3693.5,3787.5,3830.5,3852,3855.5,3935.5,3885.5,3955.5,4298,3905.5,3926,3839.5,3683.5,3625.5,3845,3958,4057,3967.5,3569,4088.5,4137.5,3616.5,6456.5,6212,8212,,4709,5292,4268,4164,4552,4550,4510,4311.5,4279,4220.5,4258,4414,8748,6224.5,4178,4134,5235.5,5866,4649,4388,4086.5,6060.5,6225.5,4130.5,4023.5,4335.5,4402,4117.5,4040,4211.5,6651,8246,9249.5,7909.5,8031,7936,4552.5,5008,4702.5,3757.5,3611.5,3850.5,6793,4835,5337.5,4483.5,4900.5,4220.5,5062,4880,4189.5,6048.5,4377,4393,4241,5422.5,3515.5,3821,3763,14523.5,16222,17379,9506,9966
8.67,13891.5,3603,3573,3761.5,3698.5,3764.5,3894.5,3721,3817.5,4002.5,3837,4209,3731,3679,3776,3835.5,3645.5,3801,3744,3853,3800.5,3603.5,4015,4089.5,3619,6870,6178,8405.5,,4534.5,5084.5,4089.5,4301,4554,4654,4381,4652,4489,4356.5,4152,4391,8274.5,6364.5,4062.5,4159,4441,6048.5,4663,4274,4117,6147.5,5976,4096.5,4169,4369,4414,4302,4032.5,4115.5,6710,8846,10012,7813.5,7500,7721,4565,4834,4377,3856.5,3504,3845,6532.5,5096,5324,4674.5,4874,4148,5093.5,4971.5,4176,6070,4308,4417,4314,5040,3616,4090,3819.5,14467,16803,18227,9676.5,9823.5
8.83,13934.5,3626.5,3599.5,3769,3717.5,3866,3971.5,3796,3794,3817.5,3949,4200,3824.5,3723,3658.5,3831.5,3627,3874,3883.5,3801.5,3769.5,3548.5,4199,3970,3636,7007.5,6372,7979,,4702.5,5297.5,4315,4139.5,4596.5,4573.5,4295.5,4484.5,4295,4257,3952.5,4505,8168.5,6506,3943.5,4055.5,4355,5894.5,4560.5,4391.5,4186.5,6051.5,5985.5,3934.5,4001.5,4549,4384,3990.5,4057.5,3999.5,6914,8451,10484,7878.5,7812,7839.5,4241,4786.5,4639,3855.5,3773,3823,6762.5,5039,5621,4939.5,4813.5,4011.5,4836,4761.5,4406.5,6300,4363,4348.5,4068.5,5408,3516.5,3974,3863,14634,16064,18453,10152.5,10008.5
9,13830.5,3506.5,3679,3791,3675,3726.5,3866.5,3640,4285.5,3916,3823.5,4074,3792,3998,3737.5,3868.5,3687,3819,3745,3842,3853,3676,4036,4047.5,3569.5,6511.5,6568,8165,,4604.5,5000.5,4261.5,4112,4566,4674,4419,4346,4308.5,4381.5,4260.5,4310,8692,6882,4185,3945.5,4785,5785,4747.5,4310.5,4124,6255,6140,3970,4129,4533,4463.5,4200,4021,4094.5,6996,9369.5,10975,8676.5,8154.5,7905,4528,4903,4562,3905.5,3606,3995.5,6886,4855.5,5682.5,4753.5,5009,4324,4737.5,4441,4305.5,6422,4544,4494.5,4245.5,5641.5,3695.5,3880,3695.5,16151,16921,19004,10326,10753.5
9.17,14128.5,3591.5,3634,3937.5,3540,3853,3804.5,3694,3823,3689,3972.5,4079,3837,3766.5,3798.5,3760,3574,3925,3739.5,3772.5,3777,3542,4149.5,3971.5,3593.5,6588,6811,8325,,4556.5,4914,4219,4183,4657.5,4720.5,4258,4508,4452.5,4228,4164,4386.5,8277.5,6418,4050.5,4013,4461,5973,4716,4286.5,4418,6363.5,5419,3979,3969,4744,4482,4260,4119.5,4008.5,7132,9403,11395,8349.5,8069,7980.5,4475,4953.5,4608.5,3922,3544.5,3972.5,6780.5,5088,5669,4557.5,4934.5,3953,4890,4768,4171.5,6453,4349.5,4557.5,4133.5,5802.5,3540.5,3684,3674.5,16125.5,17458.5,19336.5,11437,11172.5
9.33,13296.5,3552,3592,3849,3643,4010,3875,3791.5,3890.5,3813,3826.5,4012,3747.5,3744,3720,3736,3770,3813.5,3845,3724,3713.5,3664.5,4036,4009.5,3453.5,6676,6683.5,8477,,4757.5,5018,4117,4103,4946,4750,4392.5,4546,4381,4230,4170.5,4582.5,8743.5,6400.5,4097.5,4066.5,4433,6098,4479,4375,4253.5,6242.5,6264,4138,4400,4613.5,4510,4389,4100.5,4054.5,7418,9995.5,11207,8368,8217,8037.5,4564.5,4992,4455,3827.5,3538.5,4057,7092,5185.5,6089.5,4800,4944.5,4416,5269,4962.5,4153.5,6733,4374.5,4467,4143,5409.5,3557.5,3974.5,3798,16646,17429,19545.5,11242.5,11484
9.5,13347.5,3631.5,3534.5,3747.5,3673,3767.5,3992.5,3709,3772.5,3871.5,3862.5,3986,3691.5,3680,3700.5,3821.5,3599.5,3784,3845.5,3810.5,3838,3523,4125.5,4037,3548.5,7083.5,6746,8929,,4612,5219.5,4324.5,3999,4605,4796,4239.5,4580.5,4299,4221,4123,4605,8512.5,6136.5,4008.5,3911,4653,6279.5,4518.5,4213,4206.5,6435,5854,4017,4160,4892.5,4549,4359,3934,3857.5,7382,10456,12094,9311,7748.5,8355.5,4434,4866,4713.5,3725,3639,3892,7268,5491.5,6702.5,4518.5,4845.5,4142.5,4964,4577,4570.5,6177.5,4514,4480.5,4113,5448.5,3650.5,3804,3887,17285.5,17397.5,20541.5,11400,11533
9.67,13219.5,3556,3530.5,3742,3645.5,3911,3910,3656.5,3899.5,3859.5,3768,3880.5,3654,3608,3682,3743.5,3687.5,3848,3807.5,3708.5,3974,3753.5,4008,3965,3592.5,6638.5,6625,8967.5,,4798,5003,4331,3996,4569.5,4700.5,4358,4335,4105,4268.5,4255.5,4475.5,9021.5,6701,4131,3979.5,4513.5,6099.5,4514.5,4182.5,4126,6247.5,5495,4108.5,4385,5098.5,4744.5,4385,4150,4076,7564,10542.5,12318.5,8566.5,8165,8618,4464,4704,4606.5,3895,3739.5,3981,7497.5,5133,6301,4570,5125,4174,5292.5,4904,4469.5,6610,4419.5,4488.5,4184,5657.5,3489,3830.5,3689,17915.5,17772,21545,12094.5,12215
9.83,12767,3609.5,3591.5,3815,3725.5,3791.5,3822.5,3758,3757,3728.5,3767.5,4128.5,3633.5,3672,3738,3651,3572.5,3808.5,3829.5,3770.5,3684,3561.5,3941.5,4137.5,3572.5,6734.5,6483,9343.5,,4759,5056,4181,4157,4858,4700,4167.5,4382.5,4082,4374.5,4412,4372,8368.5,6384,4012.5,4052,4350,6191,4621,4114,4094,6639.5,5838.5,4072,4436,4939,4699,4359,3986.5,4050.5,7826,11580,12582.5,8771.5,8335,8394,4509,4745.5,4826,4013,3525.5,4071.5,7473.5,5047,6300,4952.5,4905,4192.5,5428.5,4816.5,4251.5,6262,4514.5,4449,4021.5,5835,3536.5,3970,3851,18890,18344.5,21290,12315,13515.5
10,12209,3641,3592.5,3625,3665.5,3806.5,3801,3818,3724.5,3697.5,3843,4065.5,3812,3700,3620.5,3707,3578,3843.5,3742,3811,3850.5,3530.5,4054,4051,3526,7110,6809,9499,,4818,4617.5,4184,4042,5088,4540,4185,4822.5,4111.5,4227,4269.5,4443.5,8779.5,6443,3910,4056,4280.5,6270.5,4569,4139.5,4058.5,6689,5087,4043,4516.5,4897.5,4738,4551,4154,3937,7938,11438.5,12951.5,8960.5,8360,8434,4641,4786.5,4803.5,3920.5,3628,3973.5,7536,5409.5,6297,4608.5,4906,4203,5533.5,4566.5,4335.5,6295,4483.5,4354,3966,6074.5,3602.5,4002.5,3656,19196,17436.5,22481.5,13043,12065
10.17,12069,3594,3574,3674.5,3510.5,3873,3925.5,3707.5,3861.5,3727.5,3872.5,4096,3704,3568,3688.5,3640.5,3509.5,3835,3716.5,3654.5,3698,3477,3963.5,4039.5,3481,7033.5,6682.5,9082.5,,4727.5,4916,4168.5,4019,5033,4696,4238,4489.5,4176,4338,4396,4469,8844.5,5921.5,3977.5,3881.5,4393.5,6606.5,4730,4159,4214,7226.5,5214,4039,4606,4756,4759,4451.5,4235,3993,7937.5,12556.5,13900,8765.5,8865,8661,4855.5,4927.5,4877.5,3911,3411,3799,7870.5,5762,6529,4474.5,5147.5,4222.5,5165,4502.5,4304,6190.5,4354,4484,4120,5877,3539.5,3840,3950.5,19359,18904.5,22833,12429,13641
10.33,12112.5,3422.5,3569,3652,3516.5,3640,3862,3614.5,3830,3677.5,3708,3877,3682.5,3534.5,3696.5,3789,3511.5,3758.5,3775,3865.5,3704.5,3522.5,3927.5,3966,3627,6995,6833,9407,,4681,4922.5,4335.5,4087.5,4861.5,4803,4199,4749,4108,4382.5,4335,4366,8853.5,6340.5,3943,3878.5,4237,6505,4783,4267,4057.5,7515.5,5152,4240,4388,4702,4605,4327,4299,4109.5,8342.5,12273,14131,10101,9039.5,9271,4430.5,4627,4653,3755.5,3610.5,3922,8118.5,5646.5,6809,4584,5018.5,4239,5546.5,4783,4279,6451.5,4525,4386,4118.5,5741,3627.5,3954,3898,21269.5,19145,23258,13824.5,14454
10.5,11969.5,3608,3475,3652.5,3565,3862.5,3775.5,3736,3774.5,3574.5,3810.5,3897.5,3651,3571.5,3736.5,3839,3498.5,3798,3688,3639,3704,3518.5,3939.5,4031,3562,7153,6828.5,9044,,4566.5,5046.5,4028,3937.5,4962.5,4464.5,4085,4703.5,4056,4505.5,4152.5,4483.5,9041.5,6205,4008.5,3920.5,4356,6181,4542,4154,4005.5,7664,5162,3929.5,4623.5,4888.5,4895,4342.5,4317.5,3952.5,8097.5,12778.5,13954.5,8832.5,8682.5,9043.5,4332,4842,4732,3906.5,3764,3943,8226.5,5591.5,6341,4921.5,5082.5,4235,5246.5,4610.5,4236,6230.5,4473.5,4396,4082.5,5839.5,3753,3813.5,3815,21056.5,20090.5,23641.5,13143.5,14735
10.67,12735.5,3644,3534.5,3610,3570.5,3796.5,3754,3620.5,3800.5,3690,3820.5,3926,3612.5,3722,3700,3704.5,3633,3825.5,3741,3794.5,3683.5,3527.5,3771,3970.5,3468,7000,6895.5,9476.5,,4538.5,5107,4281,4107.5,4925,4764.5,4187,4735,4020,4324,4147.5,4310.5,9366,5989,3935.5,4027.5,4298,6416.5,4609,4172,4062.5,8095.5,5373,4373.5,4420,4737,4736,4520,4109,3807.5,8606.5,14045.5,13754,9695,9032.5,9384.5,4545.5,4971.5,4681.5,3825.5,3680.5,3897.5,7919.5,5854.5,6413,4508,5317,4315,5366,4654.5,4199,6583.5,4410,4697,4051,6163,3477.5,3875.5,3809.5,22562.5,19088.5,24561,13753.5,15872.5
10.83,11673.5,3573,3458,3652.5,3579,3787,3769,3662,3821.5,3581,3753,3917.5,3797,3542.5,3655.5,3878,3585.5,3656,3618,3811,3571.5,3498,3828,3934.5,3486.5,6778.5,7074.5,10147.5,,4672.5,4826.5,4441.5,4228.5,5185.5,4806.5,4198.5,4895,4068,4297.5,4189,4647.5,8678.5,6061,3934,4021,4206.5,6543,4567,4083.5,4000.5,8058.5,5540.5,4046,4465,4683,4919.5,4386,4356.5,3958,8724.5,13552.5,14293.5,9824.5,9327.5,9271.5,4450,4854.5,4863.5,3881.5,3558.5,3967.5,8298.5,6140.5,6916,4695,5017.5,4321,5374,4442,4250.5,6433.5,4116,4406.5,4054,5963.5,3614.5,3867,3719.5,22314.5,19544.5,25952.5,14285.5,15824.5
11,12594,3498.5,3529.5,3653.5,3594,3781,3824,3674,3620.5,3607.5,3807,3914,3596.5,3693,3668,3790,3607,3736.5,3664,3681,3705.5,3473.5,3704,3898,3524,7305,7024,10606,,4673.5,4833,4403.5,4016.5,5033.5,4714,4104.5,4907.5,4077,4149.5,4331,4516.5,8938,5878,3957.5,3858.5,4355,6128.5,4577,4106,4084,7993.5,5078.5,4238,4586,4615,5032,4409.5,4166.5,3987,8861.5,14699.5,14924,9898,9443,8818,4305.5,4957,4961,3961.5,3515,4039.5,8911.5,5946.5,7074.5,4602,5059,4188,5424,5030.5,4181.5,6271.5,4429,4857.5,4281.5,6203,3782,3966.5,3619,23592.5,18530,25555,15061,15568.5
11.17,11844,3514,3512.5,3521.5,3533.5,3752,3897.5,3689.5,3827,3567,3871,3919.5,3690.5,3480.5,3686,3745,3508,3808,3617,3756.5,3593.5,3575,3822.5,3922,3600,7017,6849,10181.5,,4740,5143.5,4495.5,4180.5,5383.5,5016.5,4136,4820,4001.5,4332.5,4508,4481.5,9739,6207.5,4005.5,3929.5,4067.5,6856.5,4660.5,4035.5,3905.5,8878.5,5349,4216.5,4770,4788.5,5038.5,4357.5,4029.5,3941.5,8482.5,14326.5,14777,10545,8984.5,9606,4599.5,5012,4733,3828.5,3540,4128,8757,6119.5,7224,4691.5,5015.5,4176,5717.5,4519.5,4248,6063.5,4495.5,4367,4134.5,6158.5,3430,3918,3821.5,22785,19418.5,25142,14516,15506.5
11.33,11562,3500,3474.5,3692.5,3498.5,3868,3831.5,3618.5,3733,3605.5,3701,3977,3552.5,3521,3787,3715.5,3510.5,3717.5,3715,3680,3717,3503,3638.5,3858,3445,7173.5,7186,10991,,4517,4758,4400,3997.5,5225,5051.5,4240,4958,3985.5,4177.5,4618.5,4670.5,9336,6131.5,4121.5,3878.5,4336.5,6468.5,4505.5,4013,3938,8400.5,5365,4249,4692,4543.5,4986.5,4289.5,4134.5,4022.5,8975,15631.5,14323,9964,10032,9755.5,4556.5,4826,4707.5,3849.5,3546,3850,9236,6068.5,7334.5,4401.5,4729,4236.5,5624,4528,4115,6688,4525.5,4506,4136,6142.5,3800,3939.5,3823.5,23545.5,18670,25654.5,14674,17362
11.5,11894.5,3459.5,3516.5,3562,3597,3806.5,3662,3661.5,3868,3640,3623.5,3803.5,3468,3459.5,3570.5,3772.5,3608,3616.5,3649,3661,3743,3530.5,3706.5,4048,3467,6719.5,6782.5,9553,,4520.5,4940,4494,3977,5120.5,4845.5,4228.5,5069.5,4014.5,4356.5,4699.5,4607,8684,6108.5,4007,3799.5,4365,6274.5,4428.5,3962,3949.5,8488,5171,4017,4737.5,4489.5,4841,4023.5,4145.5,3946,9226.5,16391,14937,10634,10109.5,9619,4596.5,5020,4794.5,3998,3543,4222,9308,6260.5,7352,4497.5,5092,4377.5,5588.5,4675.5,4189.5,6076.5,4441,4606.5,3991.5,6314.5,3806,3909.5,3695,23096,18537,25960,15130,16955.5
11.67,12192,3511.5,3481.5,3648,3556.5,3799.5,3746,3811.5,3841.5,3626,3581,3887.5,3625.5,3628,3593.5,3565,3452.5,3734,3591,3612,3567,3553.5,3699,3870.5,3507.5,7396,7032,10744.5,,4454,5014,4409.5,4160,5460,4592,3945,5327,3949,4206,4762.5,4639,9597.5,5744,3868,3892.5,4094,6419.5,4281,4096,4079,8658.5,4865,4229.5,4687,4487.5,5046,4247.5,4186,3917,9329.5,15849,15410.5,10913.5,9643.5,9508.5,4496,5361.5,4732.5,4068.5,3455,3925,8918,6316.5,7330.5,4700,5289,4239,6006.5,4263,4232,6298.5,4453,4563,4039.5,6335.5,3742,4021.5,3822,23176.5,18770.5,24878.5,14674,17841.5
11.83,11845,3485.5,3529,3463,3389,3823.5,3636,3456.5,3762,3566,3648.5,3942,3613,3382,3616.5,3792,3444.5,3684,3609.5,3691.5,3511,3426.5,3772,3979.5,3561.5,7138.5,7070,10174.5,,4261.5,4827,4301,3850,5226,4838.5,3969.5,5010,3710.5,4170,4788,4491.5,9005.5,5959,3923,3725,4029,6798.5,4342,3915,4012,8733.5,5131.5,4072,4973,4332,4977.5,4184.5,3930,3798,9660,17230.5,15020,10940.5,10163.5,9868,4487,4979.5,4886,4143,3414.5,4134,9552.5,6606.5,7519,4736,4803.5,4187,5701.5,4563.5,4249,6305.5,4369.5,4432.5,4188.5,6425,3795,3688,3779,22862,18269,24353,14288.5,18802.5
12,12467.5,3394.5,3326.5,3468,3533.5,3593.5,3770,3416,3627,3554.5,3708,3568,3588,3367,3630.5,3736,3456.5,3580.5,3456,3611,3441,3415,3594.5,3821,3387,7513.5,6908.5,10737.5,,4257.5,4591.5,4430,3773,5238,4785.5,3985,5207.5,3788.5,4082.5,4701,4299.5,9130,5555,3915.5,3761,4316,6444.5,4400.5,3938,3948,7745.5,4926.5,4007.5,5008,4502,4799,4187,3921.5,3879,10073,17894.5,15645,11531.5,10143,9475.5,4533,5067.5,4961.5,3981.5,3619.5,4106,9948,6530.5,6723.5,4702,4977.5,4364,5829.5,4241.5,4335.5,6601,4259,4366,4147.5,6097.5,3843.5,3818.5,3931.5,23265.5,17059,22887,14943.5,18670
